{
  "columns":
  ["", "ALUTs", "FFs", "RAMs", "DSPs", "MLABs", "Details"]
  , "debug_enabled":"true"
  , "type":"module"
  , "total_percent":
  [0.396945, 0.278633, 0.147578, 0.112518, 0]
  , "total":
  [2275, 2876, 8, 0, 22]
  , "name":"Kernel System"
  , "max_resources":
  [974400, 1948800, 7110, 4510, 48720]
  , "children":
  [
    {
      "name":"'lambda'(auto)"
      , "compute_units":1
      , "type":"function"
      , "total_percent":
      [0.396945, 0.278633, 0.147578, 0.112518, 0]
      , "total_kernel_resources":
      [2275, 2876, 8, 0, 22]
      , "details":
      [
        {
          "type":"text"
          , "text":"Number of compute units: 1"
        }
        , {
          "type":"brief"
          , "text":"1 compute unit."
        }
      ]
      , "children":
      [
        {
          "name":"Function overhead"
          , "type":"resource"
          , "data":
          [1463, 1467, 0, 0, 6]
          , "details":
          [
            {
              "type":"text"
              , "text":"Kernel dispatch logic."
            }
            , {
              "type":"brief"
              , "text":"Kernel dispatch logic."
            }
          ]
        }
        , {
          "name":"'lambda'(auto).B0"
          , "type":"basicblock"
          , "children":
          [
            {
              "name":"State"
              , "type":"resource"
              , "data":
              [77, 505, 2, 0, 0]
              , "details":
              [
                {
                  "type":"brief"
                  , "text":"Live values and control logic"
                }
                , {
                  "type":"text"
                  , "text":"Resources for live values and control logic. To reduce this area:"
                  , "details":
                  [
                    {
                      "type":"text"
                      , "text":"reduce size of local variables"
                    }
                    , {
                      "type":"text"
                      , "text":"reduce scope of local variables, localizing them as much as possible"
                    }
                    , {
                      "type":"text"
                      , "text":"reduce number of nested loops"
                    }
                  ]
                }
              ]
              , "children":
              [
                {
                  "name":"No Source Line"
                  , "type":"resource"
                  , "data":
                  [77, 505, 2, 0, 0]
                }
              ]
            }
            , {
              "name":"Cluster logic"
              , "type":"resource"
              , "data":
              [147, 256, 6, 0, 2]
              , "details":
              [
                {
                  "type":"brief"
                  , "text":"Logic required to efficiently support sets of operations that do not stall"
                }
                , {
                  "type":"text"
                  , "text":"Logic required to efficiently support sets of operations that do not stall. This area cannot be affected directly."
                }
              ]
            }
            , {
              "name":"Computation"
              , "type":"resource"
              , "children":
              [
                {
                  "name":"handler.hpp:1202 > vector-add-buffers.cpp:87"
                  , "type":"resource"
                  , "data":
                  [588, 648, 0, 0, 14]
                  , "debug":
                  [
                    [
                      {
                        "filename":"C:\\PROGRA~2\\Intel\\oneAPI\\compiler\\latest\\windows\\bin-llvm\\..\\include\\sycl/handler.hpp"
                        , "line":1202
                      }
                      , {
                        "filename":"C:\\Users\\24746\\source\\repos\\Base_Vector_Add/src\\vector-add-buffers.cpp"
                        , "line":87
                      }
                    ]
                  ]
                  , "children":
                  [
                    {
                      "name":"32-bit Integer Add"
                      , "type":"resource"
                      , "count":1
                      , "data":
                      [32, 0, 0, 0, 0]
                    }
                    , {
                      "name":"Load"
                      , "type":"resource"
                      , "count":2
                      , "data":
                      [464, 376, 0, 0, 10]
                      , "details":
                      [
                        {
                          "type":"text"
                          , "text":"Load uses a Pipelined LSU"
                        }
                        , {
                          "type":"brief"
                          , "text":"Pipelined LSU"
                        }
                      ]
                    }
                    , {
                      "name":"Store"
                      , "type":"resource"
                      , "count":1
                      , "data":
                      [92, 272, 0, 0, 4]
                      , "details":
                      [
                        {
                          "type":"text"
                          , "text":"Store uses a Pipelined LSU"
                        }
                        , {
                          "type":"brief"
                          , "text":"Pipelined LSU"
                        }
                      ]
                    }
                  ]
                  , "replace_name":"true"
                }
              ]
            }
          ]
        }
      ]
    }
  ]
}
