{"children":[{"children":[{"data":[147,256,6,0,2],"details":[{"text":"Feedback+Cluster logic","type":"brief"}],"name":"Data control overhead","type":"resource"},{"data":[1463,1467,0,0,6],"details":[{"text":"Kernel dispatch logic.","type":"text"},{"text":"Kernel dispatch logic.","type":"brief"}],"name":"Function overhead","type":"resource"},{"children":[{"count":"1","data":[77,505,2,0,0],"debug":[[{"filename":"","line":0}]],"name":"State","type":"resource"}],"data":[77,505,2,0,0],"name":"No Source Line","type":"resource"},{"children":[{"children":[{"count":1,"data":[32,0,0,0,0],"debug":[[{"filename":"C","line":"\\PROGRA~2\\Intel\\oneAPI\\compiler\\latest\\windows\\bin-llvm\\..\\include\\sycl/handler.hpp"}]],"name":"32-bit Integer Add","type":"resource"},{"count":2,"data":[464,376,0,0,10],"debug":[[{"filename":"C","line":"\\PROGRA~2\\Intel\\oneAPI\\compiler\\latest\\windows\\bin-llvm\\..\\include\\sycl/handler.hpp"}]],"name":"Load","type":"resource"},{"count":1,"data":[92,272,0,0,4],"debug":[[{"filename":"C","line":"\\PROGRA~2\\Intel\\oneAPI\\compiler\\latest\\windows\\bin-llvm\\..\\include\\sycl/handler.hpp"}]],"name":"Store","type":"resource"}],"data":[588,648,0,0,14],"debug":[[{"filename":"C:\\PROGRA~2\\Intel\\oneAPI\\compiler\\latest\\windows\\bin-llvm\\..\\include\\sycl/handler.hpp","line":1202},{"filename":"C:\\Users\\24746\\source\\repos\\Base_Vector_Add/src\\vector-add-buffers.cpp","line":87}]],"name":"handler.hpp:1202 > vector-add-buffers.cpp:87","replace_name":true,"type":"resource"}],"data":[588,648,0,0,14],"debug":[[{"filename":"C:\\PROGRA~2\\Intel\\oneAPI\\compiler\\latest\\windows\\bin-llvm\\..\\include\\sycl/handler.hpp","line":1202}]],"name":"C:\\PROGRA~2\\Intel\\oneAPI\\compiler\\latest\\windows\\bin-llvm\\..\\include\\sycl/handler.hpp:1202","replace_name":"true","type":"resource"}],"compute_units":1,"data":[2275,2876,8,0,22],"details":[{"text":"Number of compute units: 1","type":"text"},{"text":"1 compute unit.","type":"brief"}],"name":"'lambda'(auto)","total_kernel_resources":[2275,2876,8,0,22],"total_percent":[0.396945,0.278633,0.147578,0.112518,0],"type":"function"}],"columns":["","ALUTs","FFs","RAMs","DSPs","MLABs","Details"],"data":[2275,2876,8,0,22],"debug_enabled":"true","max_resources":[974400,1948800,7110,4510,48720],"name":"Kernel System","total":[2275,2876,8,0,22],"total_percent":[0.396945,0.278633,0.147578,0.112518,0],"type":"module"}