{
  "nodes":
  [
    {
      "type":"interface"
      , "id":28
      , "name":"__acl_global_id_0"
      , "debug":
      [
        [
          {
            "filename":"C:\\Users\\24746\\source\\repos\\Base_Vector_Add/src\\vector-add-buffers.cpp"
            , "line":87
          }
        ]
      ]
      , "details":
      [
        {
          "type":"table"
          , "Stable":"No"
          , "Width":"64 bits"
          , "Kernel":"ZTSZZ9VectorAddRN4sycl3_V15queueERKSt6vectorIiSaIiEES7_RS5_ENKUlRNS0_7handlerEE_clESA_EUlT_E"
          , "Port Name":"ZTSZZ9VectorAddRN4sycl3_V15queueERKSt6vectorIiSaIiEES7_RS5_ENKUlRNS0_7handlerEE_clESA_EUlT_E___acl_global_id_0"
        }
      ]
    }
    , {
      "type":"interface"
      , "id":29
      , "name":"__acl_global_id_1"
      , "debug":
      [
        [
          {
            "filename":"C:\\Users\\24746\\source\\repos\\Base_Vector_Add/src\\vector-add-buffers.cpp"
            , "line":87
          }
        ]
      ]
      , "details":
      [
        {
          "type":"table"
          , "Stable":"No"
          , "Width":"64 bits"
          , "Kernel":"ZTSZZ9VectorAddRN4sycl3_V15queueERKSt6vectorIiSaIiEES7_RS5_ENKUlRNS0_7handlerEE_clESA_EUlT_E"
          , "Port Name":"ZTSZZ9VectorAddRN4sycl3_V15queueERKSt6vectorIiSaIiEES7_RS5_ENKUlRNS0_7handlerEE_clESA_EUlT_E___acl_global_id_1"
        }
      ]
    }
    , {
      "type":"interface"
      , "id":30
      , "name":"__acl_global_id_2"
      , "debug":
      [
        [
          {
            "filename":"C:\\Users\\24746\\source\\repos\\Base_Vector_Add/src\\vector-add-buffers.cpp"
            , "line":87
          }
        ]
      ]
      , "details":
      [
        {
          "type":"table"
          , "Stable":"No"
          , "Width":"64 bits"
          , "Kernel":"ZTSZZ9VectorAddRN4sycl3_V15queueERKSt6vectorIiSaIiEES7_RS5_ENKUlRNS0_7handlerEE_clESA_EUlT_E"
          , "Port Name":"ZTSZZ9VectorAddRN4sycl3_V15queueERKSt6vectorIiSaIiEES7_RS5_ENKUlRNS0_7handlerEE_clESA_EUlT_E___acl_global_id_2"
        }
      ]
    }
    , {
      "type":"interface"
      , "id":31
      , "name":"__acl_global_offset_0"
      , "debug":
      [
        [
          {
            "filename":"C:\\Users\\24746\\source\\repos\\Base_Vector_Add/src\\vector-add-buffers.cpp"
            , "line":87
          }
        ]
      ]
      , "details":
      [
        {
          "type":"table"
          , "Stable":"No"
          , "Width":"64 bits"
          , "Kernel":"ZTSZZ9VectorAddRN4sycl3_V15queueERKSt6vectorIiSaIiEES7_RS5_ENKUlRNS0_7handlerEE_clESA_EUlT_E"
          , "Port Name":"ZTSZZ9VectorAddRN4sycl3_V15queueERKSt6vectorIiSaIiEES7_RS5_ENKUlRNS0_7handlerEE_clESA_EUlT_E___acl_global_offset_0"
        }
      ]
    }
    , {
      "type":"interface"
      , "id":32
      , "name":"__acl_global_offset_1"
      , "debug":
      [
        [
          {
            "filename":"C:\\Users\\24746\\source\\repos\\Base_Vector_Add/src\\vector-add-buffers.cpp"
            , "line":87
          }
        ]
      ]
      , "details":
      [
        {
          "type":"table"
          , "Stable":"No"
          , "Width":"64 bits"
          , "Kernel":"ZTSZZ9VectorAddRN4sycl3_V15queueERKSt6vectorIiSaIiEES7_RS5_ENKUlRNS0_7handlerEE_clESA_EUlT_E"
          , "Port Name":"ZTSZZ9VectorAddRN4sycl3_V15queueERKSt6vectorIiSaIiEES7_RS5_ENKUlRNS0_7handlerEE_clESA_EUlT_E___acl_global_offset_1"
        }
      ]
    }
    , {
      "type":"interface"
      , "id":33
      , "name":"__acl_global_offset_2"
      , "debug":
      [
        [
          {
            "filename":"C:\\Users\\24746\\source\\repos\\Base_Vector_Add/src\\vector-add-buffers.cpp"
            , "line":87
          }
        ]
      ]
      , "details":
      [
        {
          "type":"table"
          , "Stable":"No"
          , "Width":"64 bits"
          , "Kernel":"ZTSZZ9VectorAddRN4sycl3_V15queueERKSt6vectorIiSaIiEES7_RS5_ENKUlRNS0_7handlerEE_clESA_EUlT_E"
          , "Port Name":"ZTSZZ9VectorAddRN4sycl3_V15queueERKSt6vectorIiSaIiEES7_RS5_ENKUlRNS0_7handlerEE_clESA_EUlT_E___acl_global_offset_2"
        }
      ]
    }
    , {
      "type":"interface"
      , "id":25
      , "name":"__acl_global_size_0"
      , "debug":
      [
        [
          {
            "filename":"C:\\Users\\24746\\source\\repos\\Base_Vector_Add/src\\vector-add-buffers.cpp"
            , "line":87
          }
        ]
      ]
      , "details":
      [
        {
          "type":"table"
          , "Stable":"No"
          , "Width":"64 bits"
          , "Kernel":"ZTSZZ9VectorAddRN4sycl3_V15queueERKSt6vectorIiSaIiEES7_RS5_ENKUlRNS0_7handlerEE_clESA_EUlT_E"
          , "Port Name":"ZTSZZ9VectorAddRN4sycl3_V15queueERKSt6vectorIiSaIiEES7_RS5_ENKUlRNS0_7handlerEE_clESA_EUlT_E___acl_global_size_0"
        }
      ]
    }
    , {
      "type":"interface"
      , "id":26
      , "name":"__acl_global_size_1"
      , "debug":
      [
        [
          {
            "filename":"C:\\Users\\24746\\source\\repos\\Base_Vector_Add/src\\vector-add-buffers.cpp"
            , "line":87
          }
        ]
      ]
      , "details":
      [
        {
          "type":"table"
          , "Stable":"No"
          , "Width":"64 bits"
          , "Kernel":"ZTSZZ9VectorAddRN4sycl3_V15queueERKSt6vectorIiSaIiEES7_RS5_ENKUlRNS0_7handlerEE_clESA_EUlT_E"
          , "Port Name":"ZTSZZ9VectorAddRN4sycl3_V15queueERKSt6vectorIiSaIiEES7_RS5_ENKUlRNS0_7handlerEE_clESA_EUlT_E___acl_global_size_1"
        }
      ]
    }
    , {
      "type":"interface"
      , "id":27
      , "name":"__acl_global_size_2"
      , "debug":
      [
        [
          {
            "filename":"C:\\Users\\24746\\source\\repos\\Base_Vector_Add/src\\vector-add-buffers.cpp"
            , "line":87
          }
        ]
      ]
      , "details":
      [
        {
          "type":"table"
          , "Stable":"No"
          , "Width":"64 bits"
          , "Kernel":"ZTSZZ9VectorAddRN4sycl3_V15queueERKSt6vectorIiSaIiEES7_RS5_ENKUlRNS0_7handlerEE_clESA_EUlT_E"
          , "Port Name":"ZTSZZ9VectorAddRN4sycl3_V15queueERKSt6vectorIiSaIiEES7_RS5_ENKUlRNS0_7handlerEE_clESA_EUlT_E___acl_global_size_2"
        }
      ]
    }
  ]
  , "links":
  [
  ]
}
