{
  "columns":
  ["", "Pipelined", "II", "Speculated iterations", "Details"]
  , "children":
  [
    {
      "name":"Kernel: 'lambda'(auto)"
      , "data":
      ["", "", ""]
      , "debug":
      [
        [
          {
            "filename":"C:\\Users\\24746\\source\\repos\\Base_Vector_Add/src\\vector-add-buffers.cpp"
            , "line":87
          }
        ]
      ]
      , "details":
      [
        {
          "type":"brief"
          , "text":"ND-Range"
        }
        , {
          "type":"text"
          , "text":"ND-Range"
        }
        , {
          "type":"text"
          , "text":"fMAX bottleneck block: None"
        }
        , {
          "type":"text"
          , "text":"See %L for more information"
          , "links":
          [
            {
              "guide":"Best Practices Guide : Kernels"
              , "link":"file:///C:/Program Files (x86)/Intel/oneAPI/compiler/latest/windows/lib/oclfpga/aoc_help_pages/ipp1476408832230.html"
            }
          ]
        }
      ]
    }
  ]
}
