{
  "nodes":
  [
    {
      "type":"kernel"
      , "id":2
      , "name":"'lambda'(auto)"
      , "children":
      [
        {
          "type":"bb"
          , "id":3
          , "name":"'lambda'(auto).B0"
          , "children":
          [
            {
              "type":"inst"
              , "id":4
              , "name":"Load"
              , "debug":
              [
                [
                  {
                    "filename":"C:\\Users\\24746\\source\\repos\\Base_Vector_Add/src\\vector-add-buffers.cpp"
                    , "line":87
                  }
                ]
              ]
              , "details":
              [
                {
                  "type":"table"
                  , "Width":"32 bits"
                  , "Type":"Pipelined"
                  , "Stall-free":"No"
                  , "Start Cycle":"33"
                  , "Latency":"31"
                  , "Reference":
                  [
                    {
                      "type":"text"
                      , "text":"See %L for more information"
                      , "links":
                      [
                        {
                          "guide":"Best Practices Guide : Load-Store Units"
                          , "link":"file:///C:/Program Files (x86)/Intel/oneAPI/compiler/latest/windows/lib/oclfpga/aoc_help_pages/yeo1491314105959.html"
                        }
                      ]
                    }
                  ]
                }
              ]
            }
            , {
              "type":"inst"
              , "id":5
              , "name":"Load"
              , "debug":
              [
                [
                  {
                    "filename":"C:\\Users\\24746\\source\\repos\\Base_Vector_Add/src\\vector-add-buffers.cpp"
                    , "line":87
                  }
                ]
              ]
              , "details":
              [
                {
                  "type":"table"
                  , "Width":"32 bits"
                  , "Type":"Pipelined"
                  , "Stall-free":"No"
                  , "Start Cycle":"33"
                  , "Latency":"31"
                  , "Reference":
                  [
                    {
                      "type":"text"
                      , "text":"See %L for more information"
                      , "links":
                      [
                        {
                          "guide":"Best Practices Guide : Load-Store Units"
                          , "link":"file:///C:/Program Files (x86)/Intel/oneAPI/compiler/latest/windows/lib/oclfpga/aoc_help_pages/yeo1491314105959.html"
                        }
                      ]
                    }
                  ]
                }
              ]
            }
            , {
              "type":"inst"
              , "id":6
              , "name":"Store"
              , "debug":
              [
                [
                  {
                    "filename":"C:\\Users\\24746\\source\\repos\\Base_Vector_Add/src\\vector-add-buffers.cpp"
                    , "line":87
                  }
                ]
              ]
              , "details":
              [
                {
                  "type":"table"
                  , "Width":"32 bits"
                  , "Type":"Pipelined"
                  , "Stall-free":"No"
                  , "Stores to":"_arg_sum"
                  , "Start Cycle":"95"
                  , "Latency":"31"
                  , "Reference":
                  [
                    {
                      "type":"text"
                      , "text":"See %L for more information"
                      , "links":
                      [
                        {
                          "guide":"Best Practices Guide : Load-Store Units"
                          , "link":"file:///C:/Program Files (x86)/Intel/oneAPI/compiler/latest/windows/lib/oclfpga/aoc_help_pages/yeo1491314105959.html"
                        }
                      ]
                    }
                  ]
                }
              ]
            }
            , {
              "type":"inst"
              , "id":7
              , "name":"Begin"
              , "details":
              [
                {
                  "type":"table"
                  , "Start Cycle":"0"
                  , "Latency":"1"
                }
              ]
            }
            , {
              "type":"inst"
              , "id":8
              , "name":"End"
              , "details":
              [
                {
                  "type":"table"
                  , "Start Cycle":"126"
                  , "Latency":"1"
                }
              ]
            }
          ]
          , "details":
          [
            {
              "type":"table"
              , "Latency":"126"
            }
          ]
        }
        , {
          "type":"csr"
          , "id":9
          , "name":"Register Map"
          , "debug":
          [
            [
              {
                "filename":"vector_add_buffers_report_a.prj/ZTSZZ9VectorAddRN4sycl3_V15queueERKSt6vectorIiSaIiEES7_RS5_ENKUlRNS0_7handlerEE_clESA_EUlT_E_csr.hpp"
                , "line":1
              }
            ]
          ]
          , "children":
          [
            {
              "type":"interface"
              , "id":10
              , "name":"start"
              , "debug":
              [
                [
                  {
                    "filename":"C:\\Users\\24746\\source\\repos\\Base_Vector_Add/src\\vector-add-buffers.cpp"
                    , "line":87
                  }
                ]
              ]
            }
            , {
              "type":"interface"
              , "id":11
              , "name":"done"
              , "debug":
              [
                [
                  {
                    "filename":"C:\\Users\\24746\\source\\repos\\Base_Vector_Add/src\\vector-add-buffers.cpp"
                    , "line":87
                  }
                ]
              ]
            }
            , {
              "type":"interface"
              , "id":12
              , "name":"busy"
              , "debug":
              [
                [
                  {
                    "filename":"C:\\Users\\24746\\source\\repos\\Base_Vector_Add/src\\vector-add-buffers.cpp"
                    , "line":87
                  }
                ]
              ]
            }
            , {
              "type":"interface"
              , "id":13
              , "name":"arg_sum"
              , "debug":
              [
                [
                  {
                    "filename":"C:\\Users\\24746\\source\\repos\\Base_Vector_Add/src\\vector-add-buffers.cpp"
                    , "line":87
                  }
                ]
              ]
              , "details":
              [
                {
                  "type":"table"
                  , "Stable":"No"
                  , "Kernel":"ZTSZZ9VectorAddRN4sycl3_V15queueERKSt6vectorIiSaIiEES7_RS5_ENKUlRNS0_7handlerEE_clESA_EUlT_E"
                  , "Alignment":"4"
                }
              ]
            }
            , {
              "type":"interface"
              , "id":14
              , "name":"arg_sum1"
              , "debug":
              [
                [
                  {
                    "filename":"C:\\Users\\24746\\source\\repos\\Base_Vector_Add/src\\vector-add-buffers.cpp"
                    , "line":87
                  }
                ]
              ]
              , "details":
              [
                {
                  "type":"table"
                  , "Stable":"No"
                  , "Width":"64 bits"
                  , "Kernel":"ZTSZZ9VectorAddRN4sycl3_V15queueERKSt6vectorIiSaIiEES7_RS5_ENKUlRNS0_7handlerEE_clESA_EUlT_E"
                }
              ]
            }
            , {
              "type":"interface"
              , "id":15
              , "name":"arg_sum2"
              , "debug":
              [
                [
                  {
                    "filename":"C:\\Users\\24746\\source\\repos\\Base_Vector_Add/src\\vector-add-buffers.cpp"
                    , "line":87
                  }
                ]
              ]
              , "details":
              [
                {
                  "type":"table"
                  , "Stable":"No"
                  , "Width":"64 bits"
                  , "Kernel":"ZTSZZ9VectorAddRN4sycl3_V15queueERKSt6vectorIiSaIiEES7_RS5_ENKUlRNS0_7handlerEE_clESA_EUlT_E"
                }
              ]
            }
            , {
              "type":"interface"
              , "id":16
              , "name":"arg_sum3"
              , "debug":
              [
                [
                  {
                    "filename":"C:\\Users\\24746\\source\\repos\\Base_Vector_Add/src\\vector-add-buffers.cpp"
                    , "line":87
                  }
                ]
              ]
              , "details":
              [
                {
                  "type":"table"
                  , "Stable":"No"
                  , "Width":"64 bits"
                  , "Kernel":"ZTSZZ9VectorAddRN4sycl3_V15queueERKSt6vectorIiSaIiEES7_RS5_ENKUlRNS0_7handlerEE_clESA_EUlT_E"
                }
              ]
            }
            , {
              "type":"interface"
              , "id":17
              , "name":"arg_a"
              , "debug":
              [
                [
                  {
                    "filename":"C:\\Users\\24746\\source\\repos\\Base_Vector_Add/src\\vector-add-buffers.cpp"
                    , "line":87
                  }
                ]
              ]
              , "details":
              [
                {
                  "type":"table"
                  , "Stable":"No"
                  , "Kernel":"ZTSZZ9VectorAddRN4sycl3_V15queueERKSt6vectorIiSaIiEES7_RS5_ENKUlRNS0_7handlerEE_clESA_EUlT_E"
                  , "Alignment":"4"
                }
              ]
            }
            , {
              "type":"interface"
              , "id":18
              , "name":"arg_a4"
              , "debug":
              [
                [
                  {
                    "filename":"C:\\Users\\24746\\source\\repos\\Base_Vector_Add/src\\vector-add-buffers.cpp"
                    , "line":87
                  }
                ]
              ]
              , "details":
              [
                {
                  "type":"table"
                  , "Stable":"No"
                  , "Width":"64 bits"
                  , "Kernel":"ZTSZZ9VectorAddRN4sycl3_V15queueERKSt6vectorIiSaIiEES7_RS5_ENKUlRNS0_7handlerEE_clESA_EUlT_E"
                }
              ]
            }
            , {
              "type":"interface"
              , "id":19
              , "name":"arg_a5"
              , "debug":
              [
                [
                  {
                    "filename":"C:\\Users\\24746\\source\\repos\\Base_Vector_Add/src\\vector-add-buffers.cpp"
                    , "line":87
                  }
                ]
              ]
              , "details":
              [
                {
                  "type":"table"
                  , "Stable":"No"
                  , "Width":"64 bits"
                  , "Kernel":"ZTSZZ9VectorAddRN4sycl3_V15queueERKSt6vectorIiSaIiEES7_RS5_ENKUlRNS0_7handlerEE_clESA_EUlT_E"
                }
              ]
            }
            , {
              "type":"interface"
              , "id":20
              , "name":"arg_a6"
              , "debug":
              [
                [
                  {
                    "filename":"C:\\Users\\24746\\source\\repos\\Base_Vector_Add/src\\vector-add-buffers.cpp"
                    , "line":87
                  }
                ]
              ]
              , "details":
              [
                {
                  "type":"table"
                  , "Stable":"No"
                  , "Width":"64 bits"
                  , "Kernel":"ZTSZZ9VectorAddRN4sycl3_V15queueERKSt6vectorIiSaIiEES7_RS5_ENKUlRNS0_7handlerEE_clESA_EUlT_E"
                }
              ]
            }
            , {
              "type":"interface"
              , "id":21
              , "name":"arg_b"
              , "debug":
              [
                [
                  {
                    "filename":"C:\\Users\\24746\\source\\repos\\Base_Vector_Add/src\\vector-add-buffers.cpp"
                    , "line":87
                  }
                ]
              ]
              , "details":
              [
                {
                  "type":"table"
                  , "Stable":"No"
                  , "Kernel":"ZTSZZ9VectorAddRN4sycl3_V15queueERKSt6vectorIiSaIiEES7_RS5_ENKUlRNS0_7handlerEE_clESA_EUlT_E"
                  , "Alignment":"4"
                }
              ]
            }
            , {
              "type":"interface"
              , "id":22
              , "name":"arg_b7"
              , "debug":
              [
                [
                  {
                    "filename":"C:\\Users\\24746\\source\\repos\\Base_Vector_Add/src\\vector-add-buffers.cpp"
                    , "line":87
                  }
                ]
              ]
              , "details":
              [
                {
                  "type":"table"
                  , "Stable":"No"
                  , "Width":"64 bits"
                  , "Kernel":"ZTSZZ9VectorAddRN4sycl3_V15queueERKSt6vectorIiSaIiEES7_RS5_ENKUlRNS0_7handlerEE_clESA_EUlT_E"
                }
              ]
            }
            , {
              "type":"interface"
              , "id":23
              , "name":"arg_b8"
              , "debug":
              [
                [
                  {
                    "filename":"C:\\Users\\24746\\source\\repos\\Base_Vector_Add/src\\vector-add-buffers.cpp"
                    , "line":87
                  }
                ]
              ]
              , "details":
              [
                {
                  "type":"table"
                  , "Stable":"No"
                  , "Width":"64 bits"
                  , "Kernel":"ZTSZZ9VectorAddRN4sycl3_V15queueERKSt6vectorIiSaIiEES7_RS5_ENKUlRNS0_7handlerEE_clESA_EUlT_E"
                }
              ]
            }
            , {
              "type":"interface"
              , "id":24
              , "name":"arg_b9"
              , "debug":
              [
                [
                  {
                    "filename":"C:\\Users\\24746\\source\\repos\\Base_Vector_Add/src\\vector-add-buffers.cpp"
                    , "line":87
                  }
                ]
              ]
              , "details":
              [
                {
                  "type":"table"
                  , "Stable":"No"
                  , "Width":"64 bits"
                  , "Kernel":"ZTSZZ9VectorAddRN4sycl3_V15queueERKSt6vectorIiSaIiEES7_RS5_ENKUlRNS0_7handlerEE_clESA_EUlT_E"
                }
              ]
            }
          ]
        }
        , {
          "type":"interface"
          , "id":25
          , "name":"__acl_global_size_0"
          , "debug":
          [
            [
              {
                "filename":"C:\\Users\\24746\\source\\repos\\Base_Vector_Add/src\\vector-add-buffers.cpp"
                , "line":87
              }
            ]
          ]
          , "details":
          [
            {
              "type":"table"
              , "Stable":"No"
              , "Width":"64 bits"
              , "Kernel":"ZTSZZ9VectorAddRN4sycl3_V15queueERKSt6vectorIiSaIiEES7_RS5_ENKUlRNS0_7handlerEE_clESA_EUlT_E"
              , "Port Name":"ZTSZZ9VectorAddRN4sycl3_V15queueERKSt6vectorIiSaIiEES7_RS5_ENKUlRNS0_7handlerEE_clESA_EUlT_E___acl_global_size_0"
            }
          ]
        }
        , {
          "type":"interface"
          , "id":26
          , "name":"__acl_global_size_1"
          , "debug":
          [
            [
              {
                "filename":"C:\\Users\\24746\\source\\repos\\Base_Vector_Add/src\\vector-add-buffers.cpp"
                , "line":87
              }
            ]
          ]
          , "details":
          [
            {
              "type":"table"
              , "Stable":"No"
              , "Width":"64 bits"
              , "Kernel":"ZTSZZ9VectorAddRN4sycl3_V15queueERKSt6vectorIiSaIiEES7_RS5_ENKUlRNS0_7handlerEE_clESA_EUlT_E"
              , "Port Name":"ZTSZZ9VectorAddRN4sycl3_V15queueERKSt6vectorIiSaIiEES7_RS5_ENKUlRNS0_7handlerEE_clESA_EUlT_E___acl_global_size_1"
            }
          ]
        }
        , {
          "type":"interface"
          , "id":27
          , "name":"__acl_global_size_2"
          , "debug":
          [
            [
              {
                "filename":"C:\\Users\\24746\\source\\repos\\Base_Vector_Add/src\\vector-add-buffers.cpp"
                , "line":87
              }
            ]
          ]
          , "details":
          [
            {
              "type":"table"
              , "Stable":"No"
              , "Width":"64 bits"
              , "Kernel":"ZTSZZ9VectorAddRN4sycl3_V15queueERKSt6vectorIiSaIiEES7_RS5_ENKUlRNS0_7handlerEE_clESA_EUlT_E"
              , "Port Name":"ZTSZZ9VectorAddRN4sycl3_V15queueERKSt6vectorIiSaIiEES7_RS5_ENKUlRNS0_7handlerEE_clESA_EUlT_E___acl_global_size_2"
            }
          ]
        }
        , {
          "type":"interface"
          , "id":28
          , "name":"__acl_global_id_0"
          , "debug":
          [
            [
              {
                "filename":"C:\\Users\\24746\\source\\repos\\Base_Vector_Add/src\\vector-add-buffers.cpp"
                , "line":87
              }
            ]
          ]
          , "details":
          [
            {
              "type":"table"
              , "Stable":"No"
              , "Width":"64 bits"
              , "Kernel":"ZTSZZ9VectorAddRN4sycl3_V15queueERKSt6vectorIiSaIiEES7_RS5_ENKUlRNS0_7handlerEE_clESA_EUlT_E"
              , "Port Name":"ZTSZZ9VectorAddRN4sycl3_V15queueERKSt6vectorIiSaIiEES7_RS5_ENKUlRNS0_7handlerEE_clESA_EUlT_E___acl_global_id_0"
            }
          ]
        }
        , {
          "type":"interface"
          , "id":29
          , "name":"__acl_global_id_1"
          , "debug":
          [
            [
              {
                "filename":"C:\\Users\\24746\\source\\repos\\Base_Vector_Add/src\\vector-add-buffers.cpp"
                , "line":87
              }
            ]
          ]
          , "details":
          [
            {
              "type":"table"
              , "Stable":"No"
              , "Width":"64 bits"
              , "Kernel":"ZTSZZ9VectorAddRN4sycl3_V15queueERKSt6vectorIiSaIiEES7_RS5_ENKUlRNS0_7handlerEE_clESA_EUlT_E"
              , "Port Name":"ZTSZZ9VectorAddRN4sycl3_V15queueERKSt6vectorIiSaIiEES7_RS5_ENKUlRNS0_7handlerEE_clESA_EUlT_E___acl_global_id_1"
            }
          ]
        }
        , {
          "type":"interface"
          , "id":30
          , "name":"__acl_global_id_2"
          , "debug":
          [
            [
              {
                "filename":"C:\\Users\\24746\\source\\repos\\Base_Vector_Add/src\\vector-add-buffers.cpp"
                , "line":87
              }
            ]
          ]
          , "details":
          [
            {
              "type":"table"
              , "Stable":"No"
              , "Width":"64 bits"
              , "Kernel":"ZTSZZ9VectorAddRN4sycl3_V15queueERKSt6vectorIiSaIiEES7_RS5_ENKUlRNS0_7handlerEE_clESA_EUlT_E"
              , "Port Name":"ZTSZZ9VectorAddRN4sycl3_V15queueERKSt6vectorIiSaIiEES7_RS5_ENKUlRNS0_7handlerEE_clESA_EUlT_E___acl_global_id_2"
            }
          ]
        }
        , {
          "type":"interface"
          , "id":31
          , "name":"__acl_global_offset_0"
          , "debug":
          [
            [
              {
                "filename":"C:\\Users\\24746\\source\\repos\\Base_Vector_Add/src\\vector-add-buffers.cpp"
                , "line":87
              }
            ]
          ]
          , "details":
          [
            {
              "type":"table"
              , "Stable":"No"
              , "Width":"64 bits"
              , "Kernel":"ZTSZZ9VectorAddRN4sycl3_V15queueERKSt6vectorIiSaIiEES7_RS5_ENKUlRNS0_7handlerEE_clESA_EUlT_E"
              , "Port Name":"ZTSZZ9VectorAddRN4sycl3_V15queueERKSt6vectorIiSaIiEES7_RS5_ENKUlRNS0_7handlerEE_clESA_EUlT_E___acl_global_offset_0"
            }
          ]
        }
        , {
          "type":"interface"
          , "id":32
          , "name":"__acl_global_offset_1"
          , "debug":
          [
            [
              {
                "filename":"C:\\Users\\24746\\source\\repos\\Base_Vector_Add/src\\vector-add-buffers.cpp"
                , "line":87
              }
            ]
          ]
          , "details":
          [
            {
              "type":"table"
              , "Stable":"No"
              , "Width":"64 bits"
              , "Kernel":"ZTSZZ9VectorAddRN4sycl3_V15queueERKSt6vectorIiSaIiEES7_RS5_ENKUlRNS0_7handlerEE_clESA_EUlT_E"
              , "Port Name":"ZTSZZ9VectorAddRN4sycl3_V15queueERKSt6vectorIiSaIiEES7_RS5_ENKUlRNS0_7handlerEE_clESA_EUlT_E___acl_global_offset_1"
            }
          ]
        }
        , {
          "type":"interface"
          , "id":33
          , "name":"__acl_global_offset_2"
          , "debug":
          [
            [
              {
                "filename":"C:\\Users\\24746\\source\\repos\\Base_Vector_Add/src\\vector-add-buffers.cpp"
                , "line":87
              }
            ]
          ]
          , "details":
          [
            {
              "type":"table"
              , "Stable":"No"
              , "Width":"64 bits"
              , "Kernel":"ZTSZZ9VectorAddRN4sycl3_V15queueERKSt6vectorIiSaIiEES7_RS5_ENKUlRNS0_7handlerEE_clESA_EUlT_E"
              , "Port Name":"ZTSZZ9VectorAddRN4sycl3_V15queueERKSt6vectorIiSaIiEES7_RS5_ENKUlRNS0_7handlerEE_clESA_EUlT_E___acl_global_offset_2"
            }
          ]
        }
      ]
    }
    , {
      "type":"memtype"
      , "id":1
      , "name":"Global Memory"
      , "children":
      [
        {
          "type":"memsys"
          , "id":34
          , "name":"0"
          , "details":
          [
            {
              "type":"table"
              , "Number of banks":"1"
            }
          ]
        }
      ]
    }
    , {
      "type":"interface"
      , "id":28
      , "name":"__acl_global_id_0"
      , "debug":
      [
        [
          {
            "filename":"C:\\Users\\24746\\source\\repos\\Base_Vector_Add/src\\vector-add-buffers.cpp"
            , "line":87
          }
        ]
      ]
      , "details":
      [
        {
          "type":"table"
          , "Stable":"No"
          , "Width":"64 bits"
          , "Kernel":"ZTSZZ9VectorAddRN4sycl3_V15queueERKSt6vectorIiSaIiEES7_RS5_ENKUlRNS0_7handlerEE_clESA_EUlT_E"
          , "Port Name":"ZTSZZ9VectorAddRN4sycl3_V15queueERKSt6vectorIiSaIiEES7_RS5_ENKUlRNS0_7handlerEE_clESA_EUlT_E___acl_global_id_0"
        }
      ]
    }
    , {
      "type":"interface"
      , "id":29
      , "name":"__acl_global_id_1"
      , "debug":
      [
        [
          {
            "filename":"C:\\Users\\24746\\source\\repos\\Base_Vector_Add/src\\vector-add-buffers.cpp"
            , "line":87
          }
        ]
      ]
      , "details":
      [
        {
          "type":"table"
          , "Stable":"No"
          , "Width":"64 bits"
          , "Kernel":"ZTSZZ9VectorAddRN4sycl3_V15queueERKSt6vectorIiSaIiEES7_RS5_ENKUlRNS0_7handlerEE_clESA_EUlT_E"
          , "Port Name":"ZTSZZ9VectorAddRN4sycl3_V15queueERKSt6vectorIiSaIiEES7_RS5_ENKUlRNS0_7handlerEE_clESA_EUlT_E___acl_global_id_1"
        }
      ]
    }
    , {
      "type":"interface"
      , "id":30
      , "name":"__acl_global_id_2"
      , "debug":
      [
        [
          {
            "filename":"C:\\Users\\24746\\source\\repos\\Base_Vector_Add/src\\vector-add-buffers.cpp"
            , "line":87
          }
        ]
      ]
      , "details":
      [
        {
          "type":"table"
          , "Stable":"No"
          , "Width":"64 bits"
          , "Kernel":"ZTSZZ9VectorAddRN4sycl3_V15queueERKSt6vectorIiSaIiEES7_RS5_ENKUlRNS0_7handlerEE_clESA_EUlT_E"
          , "Port Name":"ZTSZZ9VectorAddRN4sycl3_V15queueERKSt6vectorIiSaIiEES7_RS5_ENKUlRNS0_7handlerEE_clESA_EUlT_E___acl_global_id_2"
        }
      ]
    }
    , {
      "type":"interface"
      , "id":31
      , "name":"__acl_global_offset_0"
      , "debug":
      [
        [
          {
            "filename":"C:\\Users\\24746\\source\\repos\\Base_Vector_Add/src\\vector-add-buffers.cpp"
            , "line":87
          }
        ]
      ]
      , "details":
      [
        {
          "type":"table"
          , "Stable":"No"
          , "Width":"64 bits"
          , "Kernel":"ZTSZZ9VectorAddRN4sycl3_V15queueERKSt6vectorIiSaIiEES7_RS5_ENKUlRNS0_7handlerEE_clESA_EUlT_E"
          , "Port Name":"ZTSZZ9VectorAddRN4sycl3_V15queueERKSt6vectorIiSaIiEES7_RS5_ENKUlRNS0_7handlerEE_clESA_EUlT_E___acl_global_offset_0"
        }
      ]
    }
    , {
      "type":"interface"
      , "id":32
      , "name":"__acl_global_offset_1"
      , "debug":
      [
        [
          {
            "filename":"C:\\Users\\24746\\source\\repos\\Base_Vector_Add/src\\vector-add-buffers.cpp"
            , "line":87
          }
        ]
      ]
      , "details":
      [
        {
          "type":"table"
          , "Stable":"No"
          , "Width":"64 bits"
          , "Kernel":"ZTSZZ9VectorAddRN4sycl3_V15queueERKSt6vectorIiSaIiEES7_RS5_ENKUlRNS0_7handlerEE_clESA_EUlT_E"
          , "Port Name":"ZTSZZ9VectorAddRN4sycl3_V15queueERKSt6vectorIiSaIiEES7_RS5_ENKUlRNS0_7handlerEE_clESA_EUlT_E___acl_global_offset_1"
        }
      ]
    }
    , {
      "type":"interface"
      , "id":33
      , "name":"__acl_global_offset_2"
      , "debug":
      [
        [
          {
            "filename":"C:\\Users\\24746\\source\\repos\\Base_Vector_Add/src\\vector-add-buffers.cpp"
            , "line":87
          }
        ]
      ]
      , "details":
      [
        {
          "type":"table"
          , "Stable":"No"
          , "Width":"64 bits"
          , "Kernel":"ZTSZZ9VectorAddRN4sycl3_V15queueERKSt6vectorIiSaIiEES7_RS5_ENKUlRNS0_7handlerEE_clESA_EUlT_E"
          , "Port Name":"ZTSZZ9VectorAddRN4sycl3_V15queueERKSt6vectorIiSaIiEES7_RS5_ENKUlRNS0_7handlerEE_clESA_EUlT_E___acl_global_offset_2"
        }
      ]
    }
    , {
      "type":"interface"
      , "id":25
      , "name":"__acl_global_size_0"
      , "debug":
      [
        [
          {
            "filename":"C:\\Users\\24746\\source\\repos\\Base_Vector_Add/src\\vector-add-buffers.cpp"
            , "line":87
          }
        ]
      ]
      , "details":
      [
        {
          "type":"table"
          , "Stable":"No"
          , "Width":"64 bits"
          , "Kernel":"ZTSZZ9VectorAddRN4sycl3_V15queueERKSt6vectorIiSaIiEES7_RS5_ENKUlRNS0_7handlerEE_clESA_EUlT_E"
          , "Port Name":"ZTSZZ9VectorAddRN4sycl3_V15queueERKSt6vectorIiSaIiEES7_RS5_ENKUlRNS0_7handlerEE_clESA_EUlT_E___acl_global_size_0"
        }
      ]
    }
    , {
      "type":"interface"
      , "id":26
      , "name":"__acl_global_size_1"
      , "debug":
      [
        [
          {
            "filename":"C:\\Users\\24746\\source\\repos\\Base_Vector_Add/src\\vector-add-buffers.cpp"
            , "line":87
          }
        ]
      ]
      , "details":
      [
        {
          "type":"table"
          , "Stable":"No"
          , "Width":"64 bits"
          , "Kernel":"ZTSZZ9VectorAddRN4sycl3_V15queueERKSt6vectorIiSaIiEES7_RS5_ENKUlRNS0_7handlerEE_clESA_EUlT_E"
          , "Port Name":"ZTSZZ9VectorAddRN4sycl3_V15queueERKSt6vectorIiSaIiEES7_RS5_ENKUlRNS0_7handlerEE_clESA_EUlT_E___acl_global_size_1"
        }
      ]
    }
    , {
      "type":"interface"
      , "id":27
      , "name":"__acl_global_size_2"
      , "debug":
      [
        [
          {
            "filename":"C:\\Users\\24746\\source\\repos\\Base_Vector_Add/src\\vector-add-buffers.cpp"
            , "line":87
          }
        ]
      ]
      , "details":
      [
        {
          "type":"table"
          , "Stable":"No"
          , "Width":"64 bits"
          , "Kernel":"ZTSZZ9VectorAddRN4sycl3_V15queueERKSt6vectorIiSaIiEES7_RS5_ENKUlRNS0_7handlerEE_clESA_EUlT_E"
          , "Port Name":"ZTSZZ9VectorAddRN4sycl3_V15queueERKSt6vectorIiSaIiEES7_RS5_ENKUlRNS0_7handlerEE_clESA_EUlT_E___acl_global_size_2"
        }
      ]
    }
  ]
  , "links":
  [
    {
      "from":10
      , "to":7
    }
    , {
      "from":8
      , "to":11
    }
    , {
      "from":7
      , "to":12
      , "reverse":2
    }
    , {
      "from":13
      , "to":7
    }
    , {
      "from":16
      , "to":7
    }
    , {
      "from":17
      , "to":7
    }
    , {
      "from":20
      , "to":7
    }
    , {
      "from":21
      , "to":7
    }
    , {
      "from":24
      , "to":7
    }
    , {
      "from":28
      , "to":7
    }
    , {
      "from":4
      , "to":8
    }
    , {
      "from":5
      , "to":8
    }
    , {
      "from":6
      , "to":8
    }
    , {
      "from":7
      , "to":4
    }
    , {
      "from":7
      , "to":5
    }
    , {
      "from":4
      , "to":6
    }
    , {
      "from":5
      , "to":6
    }
    , {
      "from":34
      , "to":4
    }
    , {
      "from":34
      , "to":5
    }
    , {
      "from":6
      , "to":34
    }
  ]
}
