{
  "nodes":
  [
    {
      "name":"'lambda'(auto)"
      , "id":35
      , "type":"kernel"
      , "children":
      [
        {
          "name":"On-chip Memory"
          , "id":36
          , "type":"memtype"
          , "children":
          [
            {
              "name":"__SYCLKernel"
              , "id":37
              , "details":
              [
                {
                  "type":"table"
                  , "Declared at":
                  [
                    {
                      "type":"text"
                      , "text":"%L"
                      , "links":
                      [
                        {
                          "filename":"C:\\Users\\24746\\source\\repos\\Base_Vector_Add/src\\vector-add-buffers.cpp"
                          , "line":"87"
                        }
                      ]
                    }
                  ]
                  , "Additional information":"This variable is carried through the pipeline in registers (rather than being stored in RAM)"
                }
              ]
              , "debug":
              [
                [
                  {
                    "filename":"C:\\Users\\24746\\source\\repos\\Base_Vector_Add/src\\vector-add-buffers.cpp"
                    , "line":87
                  }
                ]
              ]
              , "type":"reg"
            }
            , {
              "name":"GlobalId"
              , "id":38
              , "details":
              [
                {
                  "type":"table"
                  , "Declared at":
                  [
                    {
                      "type":"text"
                      , "text":"%L"
                      , "links":
                      [
                        {
                          "filename":"C:\\PROGRA~2\\Intel\\oneAPI\\compiler\\latest\\windows\\bin-llvm\\..\\include\\sycl/detail\\helpers.hpp"
                          , "line":"152"
                        }
                      ]
                    }
                  ]
                  , "Additional information":"This variable is carried through the pipeline in registers (rather than being stored in RAM)"
                }
              ]
              , "debug":
              [
                [
                  {
                    "filename":"C:\\PROGRA~2\\Intel\\oneAPI\\compiler\\latest\\windows\\bin-llvm\\..\\include\\sycl/detail\\helpers.hpp"
                    , "line":152
                  }
                ]
              ]
              , "type":"reg"
            }
            , {
              "name":"GlobalSize"
              , "id":39
              , "details":
              [
                {
                  "type":"table"
                  , "Declared at":
                  [
                    {
                      "type":"text"
                      , "text":"%L"
                      , "links":
                      [
                        {
                          "filename":"C:\\PROGRA~2\\Intel\\oneAPI\\compiler\\latest\\windows\\bin-llvm\\..\\include\\sycl/detail\\helpers.hpp"
                          , "line":"153"
                        }
                      ]
                    }
                  ]
                  , "Additional information":"This variable is carried through the pipeline in registers (rather than being stored in RAM)"
                }
              ]
              , "debug":
              [
                [
                  {
                    "filename":"C:\\PROGRA~2\\Intel\\oneAPI\\compiler\\latest\\windows\\bin-llvm\\..\\include\\sycl/detail\\helpers.hpp"
                    , "line":153
                  }
                ]
              ]
              , "type":"reg"
            }
            , {
              "name":"GlobalOffset"
              , "id":40
              , "details":
              [
                {
                  "type":"table"
                  , "Declared at":
                  [
                    {
                      "type":"text"
                      , "text":"%L"
                      , "links":
                      [
                        {
                          "filename":"C:\\PROGRA~2\\Intel\\oneAPI\\compiler\\latest\\windows\\bin-llvm\\..\\include\\sycl/detail\\helpers.hpp"
                          , "line":"154"
                        }
                      ]
                    }
                  ]
                  , "Additional information":"This variable is carried through the pipeline in registers (rather than being stored in RAM)"
                }
              ]
              , "debug":
              [
                [
                  {
                    "filename":"C:\\PROGRA~2\\Intel\\oneAPI\\compiler\\latest\\windows\\bin-llvm\\..\\include\\sycl/detail\\helpers.hpp"
                    , "line":154
                  }
                ]
              ]
              , "type":"reg"
            }
          ]
        }
      ]
    }
  ]
  , "links":
  [
  ]
}
