{
  "3":
  {
    "nodes":
    [
      {
        "name":"Exit"
        , "id":9
        , "subtype":"exit"
        , "start":"64.00"
        , "end":"95.00"
        , "details":
        [
          {
            "type":"table"
            , "Max Fanout":"1"
            , "Start Cycle":"64"
            , "Latency":"3"
            , "Exit FIFO Depth":"512"
            , "Exit FIFO Width":"72"
            , "Details":"Exit FIFO depth is sized to accommodate all data that may be in-flight in the stall-free cluster; this depth will be equal to or greater than the latency of the cluster.  The width of the FIFO depends on the amount of data that needs to pass from the stall-free logic cluster to the stall-able logic below it."
          }
        ]
        , "type":"inst"
      }
      , {
        "name":"Entry"
        , "id":10
        , "subtype":"entry"
        , "details":
        [
          {
            "type":"table"
            , "Instruction":"Cluster Entry"
            , "Max Fanout":"0"
            , "Start Cycle":"0"
            , "Latency":"0"
          }
        ]
        , "type":"inst"
      }
      , {
        "name":"arg_sum3"
        , "id":11
        , "subtype":"default"
        , "start":"0.00"
        , "end":"63.00"
        , "details":
        [
          {
            "type":"table"
            , "Instruction":"Input Synchronization for 'arg_sum3'"
            , "Max Fanout":"1"
            , "Start Cycle":"0"
            , "Latency":"63"
          }
        ]
        , "type":"inst"
      }
      , {
        "name":"arg_sum"
        , "id":12
        , "subtype":"default"
        , "start":"0.00"
        , "end":"63.00"
        , "details":
        [
          {
            "type":"table"
            , "Instruction":"Input Synchronization for 'arg_sum'"
            , "Max Fanout":"1"
            , "Start Cycle":"0"
            , "Latency":"63"
          }
        ]
        , "type":"inst"
      }
      , {
        "name":"Ptr. Comp."
        , "id":13
        , "subtype":"default"
        , "start":"63.00"
        , "end":"64.00"
        , "details":
        [
          {
            "type":"table"
            , "Instruction":"Pointer Computation"
            , "Max Fanout":"5"
            , "Start Cycle":"63"
            , "Latency":"1"
          }
        ]
        , "debug":
        [
          [
            {
              "filename":"C:\\PROGRA~2\\Intel\\oneAPI\\compiler\\latest\\windows\\bin-llvm\\..\\include\\sycl\\accessor.hpp"
              , "line":1099
            }
          ]
        ]
        , "type":"inst"
      }
      , {
        "name":"Ptr. Comp."
        , "id":14
        , "subtype":"default"
        , "start":"0.00"
        , "end":"64.00"
        , "details":
        [
          {
            "type":"table"
            , "Instruction":"Pointer Computation"
            , "Max Fanout":"5"
            , "Start Cycle":"0"
            , "Latency":"64"
          }
        ]
        , "debug":
        [
          [
            {
              "filename":"C:\\PROGRA~2\\Intel\\oneAPI\\compiler\\latest\\windows\\bin-llvm\\..\\include\\sycl\\accessor.hpp"
              , "line":1992
            }
          ]
        ]
        , "type":"inst"
      }
    ]
    , "links":
    [
      {
        "from":10
        , "to":14
        , "details":
        [
          {
            "type":"table"
            , "Width":"72"
          }
        ]
      }
      , {
        "from":11
        , "to":13
        , "details":
        [
          {
            "type":"table"
            , "Width":"64"
          }
        ]
      }
      , {
        "from":12
        , "to":13
        , "details":
        [
          {
            "type":"table"
            , "Width":"64"
          }
        ]
      }
      , {
        "from":13
        , "to":14
        , "details":
        [
          {
            "type":"table"
            , "Width":"64"
          }
        ]
      }
      , {
        "from":14
        , "to":9
        , "details":
        [
          {
            "type":"table"
            , "Width":"64"
          }
        ]
      }
    ]
  }
  , "4":
  {
    "nodes":
    [
      {
        "name":"Exit"
        , "id":15
        , "subtype":"exit"
        , "start":"2.00"
        , "end":"33.00"
        , "details":
        [
          {
            "type":"table"
            , "Max Fanout":"1"
            , "Start Cycle":"2"
            , "Latency":"3"
            , "Exit FIFO Depth":"512"
            , "Exit FIFO Width":"136"
            , "Details":"Exit FIFO depth is sized to accommodate all data that may be in-flight in the stall-free cluster; this depth will be equal to or greater than the latency of the cluster.  The width of the FIFO depends on the amount of data that needs to pass from the stall-free logic cluster to the stall-able logic below it."
          }
        ]
        , "type":"inst"
      }
      , {
        "name":"Entry"
        , "id":16
        , "subtype":"entry"
        , "details":
        [
          {
            "type":"table"
            , "Instruction":"Cluster Entry"
            , "Max Fanout":"0"
            , "Start Cycle":"0"
            , "Latency":"0"
          }
        ]
        , "type":"inst"
      }
      , {
        "name":"arg_a6"
        , "id":17
        , "subtype":"default"
        , "start":"0.00"
        , "end":"1.00"
        , "details":
        [
          {
            "type":"table"
            , "Instruction":"Input Synchronization for 'arg_a6'"
            , "Max Fanout":"1"
            , "Start Cycle":"0"
            , "Latency":"1"
          }
        ]
        , "type":"inst"
      }
      , {
        "name":"arg_a"
        , "id":18
        , "subtype":"default"
        , "start":"0.00"
        , "end":"1.00"
        , "details":
        [
          {
            "type":"table"
            , "Instruction":"Input Synchronization for 'arg_a'"
            , "Max Fanout":"1"
            , "Start Cycle":"0"
            , "Latency":"1"
          }
        ]
        , "type":"inst"
      }
      , {
        "name":"Ptr. Comp."
        , "id":19
        , "subtype":"default"
        , "start":"1.00"
        , "end":"2.00"
        , "details":
        [
          {
            "type":"table"
            , "Instruction":"Pointer Computation"
            , "Max Fanout":"9"
            , "Start Cycle":"1"
            , "Latency":"1"
          }
        ]
        , "debug":
        [
          [
            {
              "filename":"C:\\PROGRA~2\\Intel\\oneAPI\\compiler\\latest\\windows\\bin-llvm\\..\\include\\sycl\\accessor.hpp"
              , "line":1099
            }
          ]
        ]
        , "type":"inst"
      }
      , {
        "name":"arg_b9"
        , "id":20
        , "subtype":"default"
        , "start":"0.00"
        , "end":"1.00"
        , "details":
        [
          {
            "type":"table"
            , "Instruction":"Input Synchronization for 'arg_b9'"
            , "Max Fanout":"1"
            , "Start Cycle":"0"
            , "Latency":"1"
          }
        ]
        , "type":"inst"
      }
      , {
        "name":"arg_b"
        , "id":21
        , "subtype":"default"
        , "start":"0.00"
        , "end":"1.00"
        , "details":
        [
          {
            "type":"table"
            , "Instruction":"Input Synchronization for 'arg_b'"
            , "Max Fanout":"1"
            , "Start Cycle":"0"
            , "Latency":"1"
          }
        ]
        , "type":"inst"
      }
      , {
        "name":"Ptr. Comp."
        , "id":22
        , "subtype":"default"
        , "start":"1.00"
        , "end":"2.00"
        , "details":
        [
          {
            "type":"table"
            , "Instruction":"Pointer Computation"
            , "Max Fanout":"9"
            , "Start Cycle":"1"
            , "Latency":"1"
          }
        ]
        , "debug":
        [
          [
            {
              "filename":"C:\\PROGRA~2\\Intel\\oneAPI\\compiler\\latest\\windows\\bin-llvm\\..\\include\\sycl\\accessor.hpp"
              , "line":1099
            }
          ]
        ]
        , "type":"inst"
      }
      , {
        "name":"Ptr. Comp."
        , "id":23
        , "subtype":"default"
        , "start":"0.00"
        , "end":"2.00"
        , "details":
        [
          {
            "type":"table"
            , "Instruction":"Pointer Computation"
            , "Max Fanout":"9"
            , "Start Cycle":"0"
            , "Latency":"2"
          }
        ]
        , "debug":
        [
          [
            {
              "filename":"C:\\PROGRA~2\\Intel\\oneAPI\\compiler\\latest\\windows\\bin-llvm\\..\\include\\sycl\\accessor.hpp"
              , "line":1999
            }
          ]
        ]
        , "type":"inst"
      }
      , {
        "name":"Ptr. Comp."
        , "id":24
        , "subtype":"default"
        , "start":"0.00"
        , "end":"2.00"
        , "details":
        [
          {
            "type":"table"
            , "Instruction":"Pointer Computation"
            , "Max Fanout":"9"
            , "Start Cycle":"0"
            , "Latency":"2"
          }
        ]
        , "debug":
        [
          [
            {
              "filename":"C:\\PROGRA~2\\Intel\\oneAPI\\compiler\\latest\\windows\\bin-llvm\\..\\include\\sycl\\accessor.hpp"
              , "line":1999
            }
          ]
        ]
        , "type":"inst"
      }
    ]
    , "links":
    [
      {
        "from":16
        , "to":24
        , "details":
        [
          {
            "type":"table"
            , "Width":"72"
          }
        ]
      }
      , {
        "from":16
        , "to":23
        , "details":
        [
          {
            "type":"table"
            , "Width":"72"
          }
        ]
      }
      , {
        "from":17
        , "to":19
        , "details":
        [
          {
            "type":"table"
            , "Width":"64"
          }
        ]
      }
      , {
        "from":18
        , "to":19
        , "details":
        [
          {
            "type":"table"
            , "Width":"64"
          }
        ]
      }
      , {
        "from":19
        , "to":23
        , "details":
        [
          {
            "type":"table"
            , "Width":"64"
          }
        ]
      }
      , {
        "from":20
        , "to":22
        , "details":
        [
          {
            "type":"table"
            , "Width":"64"
          }
        ]
      }
      , {
        "from":21
        , "to":22
        , "details":
        [
          {
            "type":"table"
            , "Width":"64"
          }
        ]
      }
      , {
        "from":22
        , "to":24
        , "details":
        [
          {
            "type":"table"
            , "Width":"64"
          }
        ]
      }
      , {
        "from":23
        , "to":15
        , "details":
        [
          {
            "type":"table"
            , "Width":"64"
          }
        ]
      }
      , {
        "from":24
        , "to":15
        , "details":
        [
          {
            "type":"table"
            , "Width":"64"
          }
        ]
      }
    ]
  }
  , "7":
  {
    "nodes":
    [
      {
        "name":"Exit"
        , "id":25
        , "subtype":"exit"
        , "start":"64.00"
        , "end":"95.00"
        , "details":
        [
          {
            "type":"table"
            , "Max Fanout":"1"
            , "Start Cycle":"64"
            , "Latency":"3"
            , "Exit FIFO Depth":"32"
            , "Exit FIFO Width":"40"
            , "Details":"Exit FIFO depth is sized to accommodate all data that may be in-flight in the stall-free cluster; this depth will be equal to or greater than the latency of the cluster.  The width of the FIFO depends on the amount of data that needs to pass from the stall-free logic cluster to the stall-able logic below it."
          }
        ]
        , "type":"inst"
      }
      , {
        "name":"Entry"
        , "id":26
        , "subtype":"entry"
        , "details":
        [
          {
            "type":"table"
            , "Instruction":"Cluster Entry"
            , "Max Fanout":"0"
            , "Start Cycle":"64"
            , "Latency":"0"
          }
        ]
        , "type":"inst"
      }
      , {
        "name":"+"
        , "id":27
        , "subtype":"default"
        , "start":"64.00"
        , "end":"64.00"
        , "details":
        [
          {
            "type":"table"
            , "Instruction":"32-bit Integer Add"
            , "Max Fanout":"1"
            , "Start Cycle":"64"
            , "Latency":"0"
          }
        ]
        , "debug":
        [
          [
            {
              "filename":"C:\\Users\\24746\\source\\repos\\Base_Vector_Add/src\\vector-add-buffers.cpp"
              , "line":87
            }
          ]
        ]
        , "type":"inst"
      }
    ]
    , "links":
    [
      {
        "from":26
        , "to":27
        , "details":
        [
          {
            "type":"table"
            , "Width":"72"
          }
        ]
      }
      , {
        "from":27
        , "to":25
        , "details":
        [
          {
            "type":"table"
            , "Width":"32"
          }
        ]
      }
    ]
  }
}
