{"quartusFitClockSummary":{"nodes":[
{"details":[{"text":"This section contains a summary of the area data generated by compiling the components to an FPGA bitstream.<br>To generate an FPGA bitstream, run the command: icpx -fsycl -fintelfpga &lt;source file&gt; -Xshardware."}],"id":1000,"kernel clock":"TBD","name":"Quartus Fitter: Clock Frequency (MHz)","type":"system"}
]},"quartusFitResourceUsageSummary":{"nodes":[{"alm":"TBD","alut":"TBD","details":[{"text":"This section contains a summary of the area data generated by compiling the components to an FPGA bitstream.<br>To generate an FPGA bitstream, run the command: icpx -fsycl -fintelfpga &lt;source file&gt; -Xshardware."}],"dsp":"TBD","id":1000,"name":"Quartus Fitter: Total Used (Entire System)","ram":"TBD","reg":"TBD","type":"system"}
]}}