{
  "performanceSummary":
  {
    "name":"Kernel Summary"
    , "columns":
    ["Kernel Name", "Kernel Type", "Autorun", "Workgroup Size", "# Compute Units", "Hyper-Optimized Handshaking"]
    , "children":
    [
      {
        "name":"'lambda'(auto)"
        , "data":
        [
          "NDRange"
          , "No"
          , "n/a"
          , 1
          , "On"
        ]
        , "details":
        [
          {
            "type":"text"
            , "text":"Kernel type: NDRange"
          }
          , {
            "type":"text"
            , "text":"The kernel does not use any work-group information (such as get_local_id() or get_group_id()).Local work-group size will be automatically modified to match global work-group size on launch.This is a hardware optimization."
          }
        ]
        , "debug":
        [
          [
            {
              "filename":""
              , "line":0
            }
          ]
        ]
      }
    ]
  }
  , "estimatedResources":
  {
    "name":"Estimated Resource Usage"
    , "columns":
    ["Kernel Name", "ALUTs ", "FFs  ", "RAMs ", "DSPs ", "MLABs"]
    , "children":
    [
      {
        "name":"'lambda'(auto)"
        , "data":
        [2275, 2876, 8, 0, 22]
        , "debug":
        [
          [
            {
              "filename":""
              , "line":0
            }
          ]
        ]
      }
      , {
        "name":"Total"
        , "classes":
        ["summary-highlight", "nohover"]
        , "data":
        [2275, 2876, 8, 0, 22]
        , "data_percent":
        [0.233477, 0.147578, 0.112518, 0]
      }
      , {
        "name":"Available"
        , "classes":
        ["summary-highlight", "nohover"]
        , "data":
        [974400, 1948800, 7110, 4510, 0]
      }
    ]
  }
  , "compileWarnings":
  {
    "name":"Compile Warnings"
    , "children":
    [
    ]
  }
}
